to_email,subject,body,attachments,cc,bcc
pruthivithejan@outlook.com,"[ Join ICTS ] Today and Maximize Your Envision Workshop Experience!","Dear Participant,

Thank you for signing up for the Envision Workshop organized by ICTS. We're thrilled to have you on board for this exciting event that promises to offer valuable insights and opportunities.

To make the most out of your Envision Workshop experience and gain access to exclusive resources, we warmly invite you to become an ICTS member. Membership with ICTS opens doors to a vibrant community, exclusive events, and continuous learning opportunities.

Joining is simple! Please complete the membership form via the following link: https://forms.gle/4iDrYcB2QrJBniWn9

Sincerely,
Pruthivi Thejan,
Assistant Secretary, ICTS",,,"",""
ict22930@fot.sjp.ac.lk,"[ Join ICTS ] Today and Maximize Your Envision Workshop Experience!","Dear Participant,

Thank you for signing up for the Envision Workshop organized by ICTS. We're thrilled to have you on board for this exciting event that promises to offer valuable insights and opportunities.

To make the most out of your Envision Workshop experience and gain access to exclusive resources, we warmly invite you to become an ICTS member. Membership with ICTS opens doors to a vibrant community, exclusive events, and continuous learning opportunities.

Joining is simple! Please complete the membership form via the following link: https://forms.gle/4iDrYcB2QrJBniWn9

Sincerely,
Pruthivi Thejan,
Assistant Secretary, ICTS",,,"",""
ict22911@fot.sjp.ac.lk,"[ Join ICTS ] Today and Maximize Your Envision Workshop Experience!","Dear Participant,

Thank you for signing up for the Envision Workshop organized by ICTS. We're thrilled to have you on board for this exciting event that promises to offer valuable insights and opportunities.

To make the most out of your Envision Workshop experience and gain access to exclusive resources, we warmly invite you to become an ICTS member. Membership with ICTS opens doors to a vibrant community, exclusive events, and continuous learning opportunities.

Joining is simple! Please complete the membership form via the following link: https://forms.gle/4iDrYcB2QrJBniWn9

Sincerely,
Pruthivi Thejan,
Assistant Secretary, ICTS",,,"",""
ict22915@fot.sjp.ac.lk,"[ Join ICTS ] Today and Maximize Your Envision Workshop Experience!","Dear Participant,

Thank you for signing up for the Envision Workshop organized by ICTS. We're thrilled to have you on board for this exciting event that promises to offer valuable insights and opportunities.

To make the most out of your Envision Workshop experience and gain access to exclusive resources, we warmly invite you to become an ICTS member. Membership with ICTS opens doors to a vibrant community, exclusive events, and continuous learning opportunities.

Joining is simple! Please complete the membership form via the following link: https://forms.gle/4iDrYcB2QrJBniWn9

Sincerely,
Pruthivi Thejan,
Assistant Secretary, ICTS",,,"",""
